../assets/images/posts/2022-coralis-activity-1.webp	123492|1777760341|webp|82|subdir|false|avif
../assets/images/posts/2022-coralis-activity-2.webp	220734|1777760317|webp|82|subdir|false|avif
../assets/images/posts/2022-coralis-header.webp	91354|1777760346|webp|82|subdir|false|avif
../assets/images/posts/2022-lumora-activity.webp	111266|1777760345|webp|82|subdir|false|avif
../assets/images/posts/2022-lumora-header.webp	24994|1777760332|webp|82|subdir|false|avif
../assets/images/posts/2022-varneth-header.webp	155216|1777760342|webp|82|subdir|false|avif
../assets/images/posts/2023-12-18-sunset-in-the-dolomites/1_sella_massive.webp	149810|1777847096|webp|82|subdir|false|avif
../assets/images/posts/2023-12-18-sunset-in-the-dolomites/2_stone_city.webp	127426|1777847096|webp|82|subdir|false|avif
../assets/images/posts/2023-12-18-sunset-in-the-dolomites/3_sella_pass.webp	245454|1777847096|webp|82|subdir|false|avif
../assets/images/posts/2023-12-18-sunset-in-the-dolomites/4_col_raiser.webp	258892|1777847096|webp|82|subdir|false|avif
../assets/images/posts/2023-12-18-sunset-in-the-dolomites/5_saslong.webp	125138|1777847096|webp|82|subdir|false|avif
../assets/images/posts/2023-drenmark-activity-1.webp	138742|1777760345|webp|82|subdir|false|avif
../assets/images/posts/2023-drenmark-activity-2.webp	105006|1777760342|webp|82|subdir|false|avif
../assets/images/posts/2023-drenmark-header.webp	105966|1777760332|webp|82|subdir|false|avif
../assets/images/posts/2023-elyndor-activity-1.webp	45830|1777760331|webp|82|subdir|false|avif
../assets/images/posts/2023-elyndor-activity-2.webp	186284|1777760344|webp|82|subdir|false|avif
../assets/images/posts/2023-elyndor-header.webp	66072|1777760315|webp|82|subdir|false|avif
../assets/images/posts/2023-novaryn-activity.webp	111392|1777760347|webp|82|subdir|false|avif
../assets/images/posts/2023-novaryn-header.webp	71044|1777760314|webp|82|subdir|false|avif
../assets/images/posts/2023-syrelpeaks-activity.webp	33364|1777760341|webp|82|subdir|false|avif
../assets/images/posts/2023-zelorian-header.webp	157748|1777760349|webp|82|subdir|false|avif
../assets/images/posts/2024-11-12-central-visayas-the-philippines/dumaguette_natural_pool-1024x768.webp	156732|1777847096|webp|82|subdir|false|avif
../assets/images/posts/2024-11-12-central-visayas-the-philippines/WhatsApp-Image-2024-11-12-at-22.35.30-1024x768.webp	145888|1777847096|webp|82|subdir|false|avif
../assets/images/posts/2024-11-12-central-visayas-the-philippines/WhatsApp-Image-2024-11-12-at-22.35.30-1-1024x683.webp	35322|1777847096|webp|82|subdir|false|avif
../assets/images/posts/2024-11-12-central-visayas-the-philippines/WhatsApp-Image-2024-11-12-at-22.35.30-2-768x1024.webp	89894|1777847096|webp|82|subdir|false|avif
../assets/images/posts/2024-11-12-central-visayas-the-philippines/WhatsApp-Image-2024-11-12-at-22.35.31-1024x576.webp	55510|1777847096|webp|82|subdir|false|avif
../assets/images/posts/2024-11-12-central-visayas-the-philippines/WhatsApp-Image-2024-11-12-at-22.35.31-1-1024x683.webp	65668|1777847096|webp|82|subdir|false|avif
../assets/images/posts/2024-11-12-central-visayas-the-philippines/WhatsApp-Image-2024-11-12-at-22.35.32-1024x576.webp	95260|1777847096|webp|82|subdir|false|avif
../assets/images/posts/2024-11-12-central-visayas-the-philippines/WhatsApp-Image-2024-11-12-at-22.35.32-1-1024x576.webp	46686|1777847096|webp|82|subdir|false|avif
../assets/images/posts/2024-11-12-central-visayas-the-philippines/WhatsApp-Image-2024-11-12-at-22.35.32-2-1024x576.webp	49642|1777847096|webp|82|subdir|false|avif
../assets/images/posts/2024-11-12-central-visayas-the-philippines/WhatsApp-Image-2024-11-12-at-22.35.32-3-1024x768.webp	77420|1777847096|webp|82|subdir|false|avif
../assets/images/posts/2024-11-12-central-visayas-the-philippines/WhatsApp-Image-2024-11-12-at-22.35.33-1024x768.webp	140336|1777847096|webp|82|subdir|false|avif
../assets/images/posts/2024-11-12-central-visayas-the-philippines/WhatsApp-Image-2024-11-12-at-22.35.33-1-1024x768.webp	97996|1777847096|webp|82|subdir|false|avif
../assets/images/posts/2024-11-12-central-visayas-the-philippines/WhatsApp-Image-2024-11-12-at-22.35.33-2-1024x578.webp	101954|1777847096|webp|82|subdir|false|avif
../assets/images/posts/2024-11-12-central-visayas-the-philippines/WhatsApp-Image-2024-11-12-at-22.35.33-3-578x1024.webp	101876|1777847096|webp|82|subdir|false|avif
../assets/images/posts/2024-11-12-central-visayas-the-philippines/WhatsApp-Image-2024-11-12-at-22.35.33-4-578x1024.webp	92562|1777847096|webp|82|subdir|false|avif
../assets/images/posts/2024-11-12-central-visayas-the-philippines/WhatsApp-Image-2024-11-12-at-22.35.34-1024x576.webp	62730|1777847096|webp|82|subdir|false|avif
../assets/images/posts/2024-11-12-central-visayas-the-philippines/WhatsApp-Image-2024-11-12-at-22.35.34-1-1024x576.webp	68044|1777847096|webp|82|subdir|false|avif
../assets/images/posts/2024-11-12-central-visayas-the-philippines/WhatsApp-Image-2024-11-12-at-22.35.34-2-768x1024.webp	58226|1777847096|webp|82|subdir|false|avif
../assets/images/posts/2024-11-12-central-visayas-the-philippines/WhatsApp-Image-2024-11-12-at-22.35.34-3-1024x576.webp	37066|1777847096|webp|82|subdir|false|avif
../assets/images/posts/2024-11-12-central-visayas-the-philippines/WhatsApp-Image-2024-11-12-at-22.35.35-1024x768.webp	62978|1777847096|webp|82|subdir|false|avif
../assets/images/posts/2024-11-12-central-visayas-the-philippines/WhatsApp-Image-2024-11-12-at-22.35.36-1024x768.webp	91200|1777847096|webp|82|subdir|false|avif
../assets/images/posts/2024-11-12-central-visayas-the-philippines/WhatsApp-Image-2024-11-12-at-22.35.36-1-768x1024.webp	90264|1777847096|webp|82|subdir|false|avif
../assets/images/posts/2024-11-12-central-visayas-the-philippines/WhatsApp-Image-2024-11-12-at-22.35.37-1024x1024.webp	193730|1777847096|webp|82|subdir|false|avif
../assets/images/posts/2024-11-12-central-visayas-the-philippines/WhatsApp-Image-2024-11-12-at-22.35.37-1-1024x578.webp	97988|1777847096|webp|82|subdir|false|avif
../assets/images/posts/2024-11-12-central-visayas-the-philippines/WhatsApp-Image-2024-11-12-at-22.35.37-2-576x1024.webp	112374|1777847096|webp|82|subdir|false|avif
../assets/images/posts/2024-11-12-central-visayas-the-philippines/WhatsApp-Image-2024-11-12-at-22.35.39-1-768x1024.webp	246170|1777847096|webp|82|subdir|false|avif
../assets/images/posts/2024-11-12-central-visayas-the-philippines/WhatsApp-Image-2024-11-12-at-22.35.39-2-1024x576.webp	86648|1777847096|webp|82|subdir|false|avif
../assets/images/posts/2024-11-12-central-visayas-the-philippines/WhatsApp-Image-2024-11-12-at-22.35.39-768x1024.webp	245736|1777847096|webp|82|subdir|false|avif
../assets/images/posts/2024-11-12-central-visayas-the-philippines/WhatsApp-Image-2024-11-12-at-22.35.40-1-1024x1024.webp	256282|1777847096|webp|82|subdir|false|avif
../assets/images/posts/2024-11-12-central-visayas-the-philippines/WhatsApp-Image-2024-11-12-at-22.35.40-2-1024x578.webp	90338|1777847096|webp|82|subdir|false|avif
../assets/images/posts/2024-11-12-central-visayas-the-philippines/WhatsApp-Image-2024-11-12-at-22.35.40-3-1024x578.webp	89620|1777847096|webp|82|subdir|false|avif
../assets/images/posts/2024-11-12-central-visayas-the-philippines/WhatsApp-Image-2024-11-12-at-22.35.40-4-1024x576.webp	61258|1777847096|webp|82|subdir|false|avif
../assets/images/posts/2024-11-12-central-visayas-the-philippines/WhatsApp-Image-2024-11-12-at-22.35.40-578x1024.webp	89330|1777847096|webp|82|subdir|false|avif
../assets/images/posts/2024-aurindel-activity.webp	66922|1777760346|webp|82|subdir|false|avif
../assets/images/posts/2024-caldris-header.webp	118800|1777760348|webp|82|subdir|false|avif
../assets/images/posts/2024-nordhaven-activity-1.webp	78048|1777760343|webp|82|subdir|false|avif
../assets/images/posts/2024-nordhaven-activity-2.webp	54718|1777760348|webp|82|subdir|false|avif
../assets/images/posts/2024-nordhaven-header.webp	74682|1777760344|webp|82|subdir|false|avif
../assets/images/posts/2024-selvaris-activity-1.webp	74652|1777760314|webp|82|subdir|false|avif
../assets/images/posts/2024-selvaris-activity-2.webp	71466|1777760344|webp|82|subdir|false|avif
../assets/images/posts/2024-selvaris-header.webp	79910|1777760343|webp|82|subdir|false|avif
../assets/images/posts/2025-04-05-market-week-on-tavora-isle/2025-tavora-activity-1.webp	74592|1777847096|webp|82|subdir|false|avif
../assets/images/posts/2025-04-05-market-week-on-tavora-isle/2025-tavora-activity-2.webp	158548|1777847096|webp|82|subdir|false|avif
../assets/images/posts/2025-04-05-market-week-on-tavora-isle/2025-tavora-header.webp	87444|1777847096|webp|82|subdir|false|avif
../assets/images/posts/2025-10-17-family-city-trip-to-meridia/2025-meridia-activity.webp	176234|1777847096|webp|82|subdir|false|avif
../assets/images/posts/2025-10-17-family-city-trip-to-meridia/2025-meridia-header.webp	127162|1777847096|webp|82|subdir|false|avif
../assets/images/posts/2025-velsora-activity.webp	70838|1777760349|webp|82|subdir|false|avif
../assets/images/posts/2025-velsora-header.webp	48590|1777760331|webp|82|subdir|false|avif
../assets/images/posts/2026-03-02-canyon-skies-of-orrin-basin/2026-orrin-activity-1.webp	152688|1777847096|webp|82|subdir|false|avif
../assets/images/posts/2026-03-02-canyon-skies-of-orrin-basin/2026-orrin-activity-2.webp	10202|1777847096|webp|82|subdir|false|avif
../assets/images/posts/2026-03-02-canyon-skies-of-orrin-basin/2026-orrin-header.webp	60464|1777847096|webp|82|subdir|false|avif
../assets/images/posts/2026-04-19-slow-travel-in-istrava-highlands/2026-istrava-activity.webp	95336|1777847096|webp|82|subdir|false|avif
